monkeyID,animal,chamber,experimentID,powerClusterID,contrast,conPct,inconPct,observedDeltaBias,nCon,nIncon,conCorrect,inconCorrect,conReconstructionErrorPct,inconReconstructionErrorPct,nullDeltaMean,nullDeltaMedian,nullDeltaLower95,nullDeltaUpper95,oneSidedContrastP,nPermutations
M1,Chip,L,59,2,13,65,50,15,20,20,13,10,0,0,0.44,5,-35,35,0.273453093812375,500
M1,Chip,L,59,2,18,80,5,75,20,20,16,1,0,0,-0.76,-5,-25,35,0.00199600798403194,500
M1,Chip,L,59,2,25,65,30,35,20,20,13,6,0,0,-0.5,5,-35,35,0.029940119760479,500
M1,Chip,L,59,2,30,80,40,40,20,20,16,8,0,0,0.22,0,-30,30,0.0179640718562874,500
M1,Chip,L,59,2,60,90,30,60,20,20,18,6,0,0,-0.58,0,-30,30,0.00199600798403194,500
M1,Chip,L,89,2,12,70,30,40,20,20,14,6,0,0,-0.14,0,-30,30,0.0179640718562874,500
M1,Chip,L,89,2,15,65,45,20,20,20,13,9,0,0,-1.38,0,-30,30,0.129740518962076,500
M1,Chip,L,89,2,20,85,50,35,20,20,17,10,0,0,-0.56,-5,-25,25,0.0259481037924152,500
M1,Chip,L,89,2,35,95,60,35,20,20,19,12,0,0,-0.68,-5,-25,25,0.00998003992015968,500
M1,Chip,L,89,2,60,85,75,10,20,20,17,15,0,0,0.38,0,-20,20,0.355289421157685,500
M1,Chip,L,109,2,10,91.6666666666667,25,66.6666666666667,20,20,18,5,-1.66666666666667,7.105427357601e-15,0.5,5,-35,35,0.00199600798403194,500
M1,Chip,L,109,2,13,83.3333333333333,48.8095238095238,34.5238095238095,20,20,17,10,1.66666666666666,1.19047619047618,-0.34,-5,-25,35,0.029940119760479,500
M1,Chip,L,109,2,18,78.5714285714286,58.3333333333333,20.2380952380952,20,20,16,12,1.42857142857143,1.66666666666666,-0.24,0,-30,30,0.0339321357285429,500
M1,Chip,L,109,2,22,100,45.2380952380952,54.7619047619048,20,20,20,9,0,-0.238095238095241,0.14,5,-25,25,0.00199600798403194,500
M1,Chip,L,109,2,60,100,83.3333333333333,16.6666666666667,20,20,20,17,0,1.66666666666666,0.22,5,-15,15,0.00199600798403194,500
M1,Chip,L,112,2,0,55,45,10,40,40,22,18,0,0,0.11,0,-20,25,0.253493013972056,500
M1,Chip,L,112,2,14,50,30,20,20,20,10,6,0,0,-0.22,0,-30,30,0.17564870259481,500
M1,Chip,L,112,2,20,80,60,20,20,20,16,12,0,0,0.68,0,-30,30,0.169660678642715,500
M1,Chip,L,112,2,24,75,75,0,20,20,15,15,0,0,0.34,0,-30,30,0.648702594810379,500
M1,Chip,L,112,2,35,95,70,25,20,20,19,14,0,0,0.34,0,-25,25,0.06187624750499,500
M1,Chip,L,112,2,80,95,85,10,20,20,19,17,0,0,0.24,0,-20,20,0.315369261477046,500
M1,Chip,L,116,2,0,65,50,15,40,40,26,20,0,0,0.53,0,-20,20,0.111776447105788,500
M1,Chip,L,116,2,12,50,35,15,20,20,10,7,0,0,0.64,5,-35,35,0.289421157684631,500
M1,Chip,L,116,2,16,55,50,5,20,20,11,10,0,0,0.18,5,-25,35,0.512974051896208,500
M1,Chip,L,116,2,22,70,30,40,20,20,14,6,0,0,1.28,0,-30,30,0.0179640718562874,500
M1,Chip,L,116,2,40,65,70,-5,20,20,13,14,0,0,0.02,5,-35,25,0.7624750499002,500
M1,Chip,L,116,2,100,85,95,-10,20,20,17,19,0,0,-0.3,0,-20,20,0.944111776447106,500
M1,Chip,L,117,2,0,90,25,65,40,40,36,10,0,0,-0.27,0,-25,25,0.00199600798403194,500
M1,Chip,L,117,2,12,70,35,35,20,20,14,7,0,0,-0.14,-5,-25,35,0.0279441117764471,500
M1,Chip,L,117,2,18,70,25,45,20,20,14,5,0,0,-0.12,-5,-35,25,0.00598802395209581,500
M1,Chip,L,117,2,25,75,30,45,20,20,15,6,0,0,-0.22,-5,-35,35,0.00798403193612774,500
M1,Chip,L,117,2,50,95,75,20,20,20,19,15,0,0,-0.6,0,-20,20,0.0898203592814371,500
M1,Chip,L,117,2,100,100,100,0,20,20,20,20,0,0,0,0,0,0,1,500
M1,Chip,L,120,2,0,75,35,40,40,40,30,14,0,0,-0.21,0,-20,20,0.00199600798403194,500
M1,Chip,L,120,2,15,95,35,60,20,20,19,7,0,0,-1.06,0,-30,30,0.00199600798403194,500
M1,Chip,L,120,2,25,75,35,40,20,20,15,7,0,0,-0.08,0,-30,30,0.0119760479041916,500
M1,Chip,L,120,2,35,95,55,40,20,20,19,11,0,0,-0.26,0,-30,30,0.00399201596806387,500
M1,Chip,L,120,2,50,95,60,35,20,20,19,12,0,0,0.4,5,-25,25,0.00598802395209581,500
M1,Chip,L,120,2,100,95,95,0,20,20,19,19,0,0,0.04,0,-10,10,0.7624750499002,500
M1,Chip,L,57,3,12,50,40,10,20,20,10,8,0,0,1.32,0,-30,30,0.397205588822355,500
M1,Chip,L,57,3,14,50,45,5,20,20,10,9,0,0,0.62,5,-35,35,0.510978043912176,500
M1,Chip,L,57,3,18,60,40,20,20,20,12,8,0,0,0.28,0,-30,40,0.173652694610778,500
M1,Chip,L,57,3,25,70,40,30,20,20,14,8,0,0,0.28,0,-30,30,0.06187624750499,500
M1,Chip,L,57,3,50,75,50,25,20,20,15,10,0,0,0.46,5,-35,35,0.0958083832335329,500
M1,Chip,L,58,3,12,55,35,20,20,20,11,7,0,0,-0.52,0,-30,30,0.189620758483034,500
M1,Chip,L,58,3,15,70,35,35,20,20,14,7,0,0,0.9,5,-35,35,0.0419161676646707,500
M1,Chip,L,58,3,20,60,15,45,20,20,12,3,0,0,-0.02,5,-35,35,0.00598802395209581,500
M1,Chip,L,58,3,27,75,30,45,20,20,15,6,0,0,0.02,5,-25,25,0.00399201596806387,500
M1,Chip,L,58,3,50,80,40,40,20,20,16,8,0,0,-0.16,0,-30,30,0.00998003992015968,500
M1,Chip,L,68,3,13,75,45,30,20,20,15,9,0,0,-0.72,0,-30,30,0.0379241516966068,500
M1,Chip,L,68,3,18,55,40,15,20,20,11,8,0,0,0.96,5,-25,25,0.285429141716567,500
M1,Chip,L,68,3,25,90,35,55,20,20,18,7,0,0,-0.4,5,-35,25,0.00399201596806387,500
M1,Chip,L,68,3,30,70,55,15,20,20,14,11,0,0,0.58,5,-25,25,0.275449101796407,500
M1,Chip,L,68,3,60,80,65,15,20,20,16,13,0,0,-0.94,-5,-25,25,0.205588822355289,500
M1,Chip,L,72,3,11,55,55,0,20,20,11,11,0,0,0.04,0,-30,30,0.612774451097804,500
M1,Chip,L,72,3,15,70,60,10,20,20,14,12,0,0,1.02,0,-30,30,0.393213572854291,500
M1,Chip,L,72,3,20,90,90,0,20,20,18,18,0,0,0.56,0,-20,20,0.718562874251497,500
M1,Chip,L,72,3,35,95,90,5,20,20,19,18,0,0,1.18,5,-15,15,0.572854291417166,500
M1,Chip,L,72,3,80,90,80,10,20,20,18,16,0,0,1.1,0,-20,20,0.357285429141717,500
M1,Chip,L,73,3,10,60,25,35,20,20,12,5,0,0,1.38,5,-25,25,0.0239520958083832,500
M1,Chip,L,73,3,15,90,45,45,20,20,18,9,0,0,0.48,5,-25,25,0.00798403193612774,500
M1,Chip,L,73,3,18,90,35,55,20,20,18,7,0,0,1.14,5,-25,25,0.00199600798403194,500
M1,Chip,L,73,3,22,80,70,10,20,20,16,14,0,0,-1.04,0,-30,30,0.313373253493014,500
M1,Chip,L,73,3,50,95,65,30,20,20,19,13,0,0,0,0,-20,30,0.031936127744511,500
M1,Chip,L,83,3,10,85,50,35,20,20,17,10,0,0,0.14,5,-25,25,0.0119760479041916,500
M1,Chip,L,83,3,15,85,50,35,20,20,17,10,0,0,-0.38,-5,-25,25,0.0139720558882236,500
M1,Chip,L,83,3,18,80,60,20,20,20,16,12,0,0,0.18,0,-30,30,0.179640718562874,500
M1,Chip,L,83,3,22,75,60,15,20,20,15,12,0,0,0.54,5,-35,25,0.263473053892216,500
M1,Chip,L,83,3,50,85,95,-10,20,20,17,19,0,0,-0.4,0,-20,20,0.93812375249501,500
M1,Chip,L,84,3,10,55,45,10,20,20,11,9,0,0,1.52,0,-30,30,0.407185628742515,500
M1,Chip,L,84,3,15,65,35,30,20,20,13,7,0,0,0.36,0,-30,30,0.0758483033932136,500
M1,Chip,L,84,3,18,70,55,15,20,20,14,11,0,0,0.36,-5,-35,35,0.291417165668663,500
M1,Chip,L,84,3,22,75,65,10,20,20,15,13,0,0,1.06,0,-30,30,0.373253493013972,500
M1,Chip,L,84,3,50,90,85,5,20,20,18,17,0,0,0.46,5,-15,15,0.526946107784431,500
M1,Chip,L,90,3,12,65,40,25,20,20,13,8,0,0,-2.74,-5,-35,25,0.0838323353293413,500
M1,Chip,L,90,3,15,75,45,30,20,20,15,9,0,0,-0.16,0,-30,30,0.0578842315369262,500
M1,Chip,L,90,3,20,85,50,35,20,20,17,10,0,0,-1.04,-5,-35,35,0.031936127744511,500
M1,Chip,L,90,3,35,90,65,25,20,20,18,13,0,0,-0.88,-5,-25,25,0.0479041916167665,500
M1,Chip,L,90,3,60,95,95,0,20,20,19,19,0,0,0.06,0,-10,10,0.764471057884232,500
M1,Chip,L,108,3,8,60,45,15,20,20,12,9,0,0,0.54,5,-25,35,0.265469061876248,500
M1,Chip,L,108,3,11,90,45,45,20,20,18,9,0,0,0.38,5,-35,35,0.00399201596806387,500
M1,Chip,L,108,3,15,95,55,40,20,20,19,11,0,0,0.22,0,-30,30,0.00399201596806387,500
M1,Chip,L,108,3,20,85,80,5,20,20,17,16,0,0,0.38,5,-25,25,0.512974051896208,500
M1,Chip,L,108,3,50,100,95,5,20,20,20,19,0,0,0.16,5,-5,5,0.516966067864271,500
M1,Chip,R,12,1,0,65,75,-10,40,40,26,30,0,0,0.1,0,-20,20,0.878243512974052,500
M1,Chip,R,12,1,8,70,50,20,20,20,14,10,0,0,0.52,0,-30,30,0.151696606786427,500
M1,Chip,R,12,1,12,65,60,5,20,20,13,12,0,0,0.78,5,-35,35,0.506986027944112,500
M1,Chip,R,12,1,16,80,75,5,20,20,16,15,0,0,-1.16,-5,-25,25,0.477045908183633,500
M1,Chip,R,12,1,30,85,90,-5,20,20,17,18,0,0,-0.08,5,-25,15,0.802395209580838,500
M1,Chip,R,14,1,0,59.0909090909091,54.5454545454545,4.54545454545455,40,40,24,22,0.909090909090907,0.45454545454546,0.87,0,-20,25,0.467065868263473,500
M1,Chip,R,14,1,8,45.4545454545455,50,-4.54545454545455,20,20,9,10,-0.454545454545453,0,-0.22,-5,-35,35,0.491017964071856,500
M1,Chip,R,14,1,12,77.2727272727273,59.0909090909091,18.1818181818182,20,20,15,12,-2.27272727272728,0.909090909090907,-0.86,-5,-25,25,0.0698602794411178,500
M1,Chip,R,14,1,16,72.7272727272727,77.2727272727273,-4.54545454545456,20,20,15,15,2.27272727272728,-2.27272727272728,0.48,0,-20,30,0.648702594810379,500
M1,Chip,R,14,1,30,81.8181818181818,90.9090909090909,-9.09090909090909,20,20,16,18,-1.81818181818181,-0.909090909090907,-0.38,0,-20,20,0.664670658682635,500
M1,Chip,R,15,1,0,50,50,0,40,40,20,20,0,0,0.41,0,-25,20,0.608782435129741,500
M1,Chip,R,15,1,12,25,40,-15,20,20,5,8,0,0,-0.46,-5,-35,25,0.902195608782435,500
M1,Chip,R,15,1,16,75,50,25,20,20,15,10,0,0,-0.32,5,-25,35,0.0778443113772455,500
M1,Chip,R,15,1,22,85,60,25,20,20,17,12,0,0,-0.84,-5,-25,25,0.0698602794411178,500
M1,Chip,R,15,1,40,100,85,15,20,20,20,17,0,0,0.34,5,-15,15,0.11377245508982,500
M1,Chip,R,17,1,0,60,45,15,40,40,24,18,0,0,0.51,0,-20,20,0.149700598802395,500
M1,Chip,R,17,1,10,65,70,-5,20,20,13,14,0,0,1.12,5,-25,25,0.788423153692615,500
M1,Chip,R,17,1,15,80,70,10,20,20,16,14,0,0,0.02,0,-30,30,0.365269461077844,500
M1,Chip,R,17,1,22,90,85,5,20,20,18,17,0,0,-0.38,-5,-15,15,0.469061876247505,500
M1,Chip,R,17,1,35,95,85,10,20,20,19,17,0,0,0.36,0,-20,20,0.311377245508982,500
M1,Chip,R,19,1,0,60,30,30,40,40,24,12,0,0,-0.22,0,-20,20,0.00199600798403194,500
M1,Chip,R,19,1,9,55,50,5,20,20,11,10,0,0,0.08,-5,-25,35,0.489021956087824,500
M1,Chip,R,19,1,14,80,70,10,20,20,16,14,0,0,0.22,0,-30,20,0.387225548902196,500
M1,Chip,R,19,1,22,90,100,-10,20,20,18,20,0,0,0.72,0,-10,10,1,500
M1,Chip,R,19,1,35,100,95,5,20,20,20,19,0,0,-0.06,-5,-5,5,0.49500998003992,500
M1,Chip,R,20,1,0,60,35,25,40,40,24,14,0,0,-0.11,0,-25,25,0.0419161676646707,500
M1,Chip,R,20,1,9,65,55,10,20,20,13,11,0,0,-0.88,0,-30,30,0.335329341317365,500
M1,Chip,R,20,1,14,70,60,10,20,20,14,12,0,0,0.66,0,-30,30,0.397205588822355,500
M1,Chip,R,20,1,22,90,90,0,20,20,18,18,0,0,0.6,0,-20,20,0.696606786427146,500
M1,Chip,R,20,1,35,100,100,0,20,20,20,20,0,0,0,0,0,0,1,500
M1,Chip,R,23,1,0,45,35,10,40,40,18,14,0,0,0.32,0,-20,20,0.249500998003992,500
M1,Chip,R,23,1,8,55,50,5,20,20,11,10,0,0,-0.5,5,-35,35,0.50499001996008,500
M1,Chip,R,23,1,14,85,70,15,20,20,17,14,0,0,-0.48,5,-25,25,0.211576846307385,500
M1,Chip,R,23,1,20,85,85,0,20,20,17,17,0,0,-0.54,0,-20,20,0.660678642714571,500
M1,Chip,R,23,1,30,100,100,0,20,20,20,20,0,0,0,0,0,0,1,500
M1,Chip,R,24,1,0,50,50,0,40,40,20,20,0,0,1.24,0,-25,25,0.626746506986028,500
M1,Chip,R,24,1,8,50,55,-5,20,20,10,11,0,0,-1.8,-5,-35,25,0.696606786427146,500
M1,Chip,R,24,1,14,80,70,10,20,20,16,14,0,0,-0.3,0,-30,20,0.335329341317365,500
M1,Chip,R,24,1,20,85,85,0,20,20,17,17,0,0,-0.3,0,-20,20,0.666666666666667,500
M1,Chip,R,24,1,30,100,100,0,20,20,20,20,0,0,0,0,0,0,1,500
M1,Chip,R,21,2,0,55,50,5,40,40,22,20,0,0,0.11,0,-20,20,0.421157684630739,500
M1,Chip,R,21,2,9,60,35,25,20,20,12,7,0,0,1.2,5,-35,25,0.131736526946108,500
M1,Chip,R,21,2,14,90,50,40,20,20,18,10,0,0,-0.98,0,-30,20,0.00998003992015968,500
M1,Chip,R,21,2,22,95,85,10,20,20,19,17,0,0,-0.72,0,-20,20,0.293413173652695,500
M1,Chip,R,21,2,35,95,90,5,20,20,19,18,0,0,-0.2,5,-15,15,0.506986027944112,500
M1,Chip,R,26,2,0,55,50,5,40,40,22,20,0,0,0.28,0,-20,20,0.417165668662675,500
M1,Chip,R,26,2,8,65,55,10,20,20,13,11,0,0,0.46,0,-30,30,0.385229540918164,500
M1,Chip,R,26,2,14,85,95,-10,20,20,17,19,0,0,-0.2,0,-20,20,0.956087824351297,500
M1,Chip,R,26,2,20,90,100,-10,20,20,18,20,0,0,-0.2,0,-10,10,1,500
M1,Chip,R,26,2,30,90,95,-5,20,20,18,19,0,0,0.62,5,-15,15,0.906187624750499,500
M1,Chip,R,29,2,0,60,45,15,40,40,24,18,0,0,-0.2,0,-20,25,0.135728542914172,500
M1,Chip,R,29,2,8,55,50,5,20,20,11,10,0,0,-0.62,-5,-35,35,0.493013972055888,500
M1,Chip,R,29,2,14,70,80,-10,20,20,14,16,0,0,0.04,0,-30,30,0.862275449101796,500
M1,Chip,R,29,2,20,90,80,10,20,20,18,16,0,0,-0.24,0,-20,20,0.325349301397206,500
M1,Chip,R,29,2,30,100,95,5,20,20,20,19,0,0,0.18,5,-5,5,0.518962075848303,500
M1,Chip,R,31,2,0,60,55,5,40,40,24,22,0,0,0.07,0,-20,20,0.421157684630739,500
M1,Chip,R,31,2,8,45,55,-10,20,20,9,11,0,0,0.48,0,-30,30,0.864271457085828,500
M1,Chip,R,31,2,14,80,55,25,20,20,16,11,0,0,-0.12,0,-25,25,0.0818363273453094,500
M1,Chip,R,31,2,20,90,90,0,20,20,18,18,0,0,-0.12,0,-20,20,0.68063872255489,500
M1,Chip,R,31,2,30,100,100,0,20,20,20,20,0,0,0,0,0,0,1,500
M1,Chip,R,32,2,0,50,50,0,40,40,20,20,0,0,-0.02,0,-20,20,0.610778443113772,500
M1,Chip,R,32,2,8,50,55,-5,20,20,10,11,0,0,0.7,5,-25,25,0.760479041916168,500
M1,Chip,R,32,2,13,85,75,10,20,20,17,15,0,0,-0.18,0,-20,20,0.345309381237525,500
M1,Chip,R,32,2,18,85,85,0,20,20,17,17,0,0,-0.26,0,-20,20,0.676646706586826,500
M1,Chip,R,32,2,30,100,100,0,20,20,20,20,0,0,0,0,0,0,1,500
M1,Chip,R,34,2,0,45,50,-5,40,40,18,20,0,0,-0.37,0,-20,20,0.732534930139721,500
M1,Chip,R,34,2,8,55,60,-5,20,20,11,12,0,0,-1.4,-5,-35,35,0.686626746506986,500
M1,Chip,R,34,2,13,75,70,5,20,20,15,14,0,0,0.34,-5,-25,25,0.479041916167665,500
M1,Chip,R,34,2,18,90,90,0,20,20,18,18,0,0,-0.2,0,-20,20,0.684630738522954,500
M1,Chip,R,34,2,30,100,95,5,20,20,20,19,0,0,0.12,5,-5,5,0.512974051896208,500
M1,Chip,R,37,2,0,55,50,5,40,40,22,20,0,0,-0.06,0,-20,25,0.417165668662675,500
M1,Chip,R,37,2,8,45,55,-10,20,20,9,11,0,0,0.12,0,-30,30,0.82435129740519,500
M1,Chip,R,37,2,13,80,45,35,20,20,16,9,0,0,-1.04,-5,-35,35,0.029940119760479,500
M1,Chip,R,37,2,18,100,90,10,20,20,20,18,0,0,0.14,0,-10,10,0.263473053892216,500
M1,Chip,R,37,2,30,95,100,-5,20,20,19,20,0,0,-0.1,-5,-5,5,1,500
M2,Pepper,R,27,2,0,59.0909090909091,54.5454545454545,4.54545454545455,40,40,24,22,0.909090909090907,0.45454545454546,-0.52,0,-20,20,0.363273453093812,500
M2,Pepper,R,27,2,8,45.4545454545455,50,-4.54545454545455,20,20,9,10,-0.454545454545453,0,0.72,5,-25,35,0.528942115768463,500
M2,Pepper,R,27,2,12,77.2727272727273,59.0909090909091,18.1818181818182,20,20,15,12,-2.27272727272728,0.909090909090907,-0.56,-5,-25,25,0.093812375249501,500
M2,Pepper,R,27,2,16,72.7272727272727,77.2727272727273,-4.54545454545456,20,20,15,15,2.27272727272728,-2.27272727272728,0.2,0,-20,30,0.676646706586826,500
M2,Pepper,R,27,2,30,81.8181818181818,90.9090909090909,-9.09090909090909,20,20,16,18,-1.81818181818181,-0.909090909090907,0.62,0,-20,20,0.702594810379242,500
M2,Pepper,R,28,2,0,50,50,0,40,40,20,20,0,0,-0.74,0,-25,20,0.570858283433134,500
M2,Pepper,R,28,2,12,25,40,-15,20,20,5,8,0,0,0.02,-5,-25,35,0.920159680638723,500
M2,Pepper,R,28,2,16,75,50,25,20,20,15,10,0,0,1.04,5,-25,35,0.111776447105788,500
M2,Pepper,R,28,2,22,85,60,25,20,20,17,12,0,0,0.32,5,-25,35,0.0878243512974052,500
M2,Pepper,R,28,2,40,100,85,15,20,20,20,17,0,0,-0.4,-5,-15,15,0.103792415169661,500
M2,Pepper,R,29,2,0,60,45,15,40,40,24,18,0,0,-0.35,0,-25,20,0.139720558882236,500
M2,Pepper,R,29,2,10,65,70,-5,20,20,13,14,0,0,-0.16,5,-25,25,0.750499001996008,500
M2,Pepper,R,29,2,15,80,70,10,20,20,16,14,0,0,-0.74,0,-20,30,0.343313373253493,500
M2,Pepper,R,29,2,22,90,85,5,20,20,18,17,0,0,-0.1,5,-25,15,0.506986027944112,500
M2,Pepper,R,29,2,35,95,85,10,20,20,19,17,0,0,0.24,0,-20,20,0.337325349301397,500
M2,Pepper,R,34,2,0,45,35,10,40,40,18,14,0,0,-0.39,0,-20,20,0.231536926147705,500
M2,Pepper,R,34,2,8,55,50,5,20,20,11,10,0,0,0.52,5,-35,35,0.522954091816367,500
M2,Pepper,R,34,2,14,85,70,15,20,20,17,14,0,0,-0.28,-5,-25,25,0.223552894211577,500
M2,Pepper,R,34,2,20,85,85,0,20,20,17,17,0,0,1.3,0,-20,20,0.682634730538922,500
M2,Pepper,R,34,2,30,100,100,0,20,20,20,20,0,0,0,0,0,0,1,500
M2,Pepper,R,35,2,0,50,50,0,40,40,20,20,0,0,-0.97,0,-25,20,0.56686626746507,500
M2,Pepper,R,35,2,8,50,55,-5,20,20,10,11,0,0,1.06,5,-35,35,0.754491017964072,500
M2,Pepper,R,35,2,14,80,70,10,20,20,16,14,0,0,1.02,0,-20,30,0.401197604790419,500
M2,Pepper,R,35,2,20,85,85,0,20,20,17,17,0,0,-0.34,0,-20,20,0.63872255489022,500
M2,Pepper,R,35,2,30,100,100,0,20,20,20,20,0,0,0,0,0,0,1,500
M2,Pepper,R,38,2,0,60,55,5,40,40,24,22,0,0,-0.82,0,-25,20,0.375249500998004,500
M2,Pepper,R,38,2,8,45,55,-10,20,20,9,11,0,0,-0.42,0,-30,30,0.806387225548902,500
M2,Pepper,R,38,2,14,80,55,25,20,20,16,11,0,0,-0.9,-5,-25,25,0.0878243512974052,500
M2,Pepper,R,38,2,20,90,90,0,20,20,18,18,0,0,-0.48,0,-20,20,0.682634730538922,500
M2,Pepper,R,38,2,30,100,100,0,20,20,20,20,0,0,0,0,0,0,1,500
M2,Pepper,R,40,2,0,45,50,-5,40,40,18,20,0,0,0.55,0,-20,25,0.764471057884232,500
M2,Pepper,R,40,2,8,55,60,-5,20,20,11,12,0,0,-1.02,-5,-35,35,0.720558882235529,500
M2,Pepper,R,40,2,13,75,70,5,20,20,15,14,0,0,1.24,5,-25,25,0.548902195608782,500
M2,Pepper,R,40,2,18,90,90,0,20,20,18,18,0,0,0.46,0,-20,20,0.708582834331337,500
M2,Pepper,R,40,2,30,100,95,5,20,20,20,19,0,0,0.2,5,-5,5,0.520958083832335,500
M2,Pepper,R,41,2,0,55,50,5,40,40,22,20,0,0,0.74,0,-20,25,0.42315369261477,500
M2,Pepper,R,41,2,8,45,55,-10,20,20,9,11,0,0,-0.2,0,-30,30,0.816367265469062,500
M2,Pepper,R,41,2,13,80,45,35,20,20,16,9,0,0,0.1,5,-35,25,0.0199600798403194,500
M2,Pepper,R,41,2,18,100,90,10,20,20,20,18,0,0,0.38,0,-10,10,0.291417165668663,500
M2,Pepper,R,41,2,30,95,100,-5,20,20,19,20,0,0,-0.56,-5,-5,5,1,500
M2,Pepper,R,42,2,0,55,50,5,40,40,22,20,0,0,-0.52,0,-25,20,0.399201596806387,500
M2,Pepper,R,42,2,8,80,40,40,20,20,16,8,0,0,-0.86,0,-30,30,0.0119760479041916,500
M2,Pepper,R,42,2,13,40,70,-30,20,20,8,14,0,0,-0.12,0,-30,30,0.99001996007984,500
M2,Pepper,R,42,2,18,85,80,5,20,20,17,16,0,0,-0.14,5,-25,25,0.502994011976048,500
M2,Pepper,R,42,2,30,90,95,-5,20,20,18,19,0,0,0.24,5,-15,15,0.892215568862275,500
M2,Pepper,R,49,2,0,50,50,0,40,40,20,20,0,0,-0.36,0,-20,20,0.548902195608782,500
M2,Pepper,R,49,2,8,65,55,10,20,20,13,11,0,0,0.04,0,-30,30,0.363273453093812,500
M2,Pepper,R,49,2,13,70,80,-10,20,20,14,16,0,0,-0.48,0,-30,30,0.850299401197605,500
M2,Pepper,R,49,2,18,100,80,20,20,20,20,16,0,0,-0.12,0,-20,20,0.0439121756487026,500
M2,Pepper,R,49,2,30,90,100,-10,20,20,18,20,0,0,0.16,0,-10,10,1,500
M2,Pepper,R,52,2,0,55,50,5,40,40,22,20,0,0,-0.51,0,-20,20,0.403193612774451,500
M2,Pepper,R,52,2,10,80,70,10,20,20,16,14,0,0,-0.04,0,-30,30,0.359281437125749,500
M2,Pepper,R,52,2,15,100,90,10,20,20,20,18,0,0,0.04,0,-10,10,0.233532934131737,500
M2,Pepper,R,52,2,20,95,100,-5,20,20,19,20,0,0,-0.06,-5,-5,5,1,500
M2,Pepper,R,52,2,35,100,100,0,20,20,20,20,0,0,0,0,0,0,1,500
M2,Pepper,R,54,2,0,65,50,15,40,40,26,20,0,0,0.15,0,-25,25,0.141716566866267,500
M2,Pepper,R,54,2,8,85,55,30,20,20,17,11,0,0,-0.24,0,-30,30,0.0419161676646707,500
M2,Pepper,R,54,2,13,100,75,25,20,20,20,15,0,0,-0.5,-5,-15,25,0.0419161676646707,500
M2,Pepper,R,54,2,18,95,100,-5,20,20,19,20,0,0,-0.16,-5,-5,5,1,500
M2,Pepper,R,54,2,30,90,90,0,20,20,18,18,0,0,0.98,0,-20,20,0.726546906187625,500
M2,Pepper,R,56,2,0,45,35,10,40,40,18,14,0,0,-0.89,0,-25,20,0.235528942115768,500
M2,Pepper,R,56,2,8,80,60,20,20,20,16,12,0,0,0.48,0,-30,30,0.151696606786427,500
M2,Pepper,R,56,2,12,80,80,0,20,20,16,16,0,0,-0.58,0,-30,20,0.644710578842315,500
M2,Pepper,R,56,2,18,95,100,-5,20,20,19,20,0,0,0.3,5,-5,5,1,500
M2,Pepper,R,56,2,30,100,100,0,20,20,20,20,0,0,0,0,0,0,1,500
M2,Pepper,R,63,2,0,54.5454545454545,50,4.54545454545455,40,40,22,20,0.454545454545453,0,-0.33,0,-20,20,0.393213572854291,500
M2,Pepper,R,63,2,9,77.2727272727273,72.7272727272727,4.54545454545455,20,20,15,15,-2.27272727272727,2.27272727272728,0.22,0,-30,30,0.365269461077844,500
M2,Pepper,R,63,2,12,95.4545454545455,81.8181818181818,13.6363636363636,20,20,19,16,-0.454545454545453,-1.81818181818181,-0.58,-5,-25,15,0.159680638722555,500
M2,Pepper,R,63,2,18,95.4545454545455,100,-4.54545454545455,20,20,19,20,-0.454545454545453,0,-0.04,-5,-5,5,0.497005988023952,500
M2,Pepper,R,63,2,30,100,100,0,20,20,20,20,0,0,0,0,0,0,1,500
